2024-06-28 15:10:18,Map for com-ab created successfully.
2024-06-28 15:10:18,Map for com-b created successfully.
2024-06-28 15:10:18,Map for com-o created successfully.
2024-06-28 15:10:18,Map for com-a created successfully.
2024-06-28 15:10:18,Map for 200-ab created successfully.
2024-06-28 15:10:18,Map for 200-b created successfully.
2024-06-28 15:10:17,Map for 200-o created successfully.
2024-06-28 15:10:17,Map for 200-a created successfully.
2024-06-28 15:10:17,Map for 400-ab created successfully.
2024-06-28 15:10:17,Map for 400-b created successfully.
2024-06-28 15:10:17,Map for 400-o created successfully.
2024-06-28 15:10:17,Map for 400-a created successfully.
2024-06-21 15:14:53,Map for com-ab created successfully.
2024-06-21 15:14:53,Map for com-b created successfully.
2024-06-21 15:14:53,Map for com-o created successfully.
2024-06-21 15:14:53,Map for com-a created successfully.
2024-06-21 15:14:53,Map for 200-ab created successfully.
2024-06-21 15:14:53,Map for 200-b created successfully.
2024-06-21 15:14:53,Map for 200-o created successfully.
2024-06-21 15:14:53,Map for 200-a created successfully.
2024-06-21 15:14:52,Map for 400-ab created successfully.
2024-06-21 15:14:52,Map for 400-b created successfully.
2024-06-21 15:14:52,Map for 400-o created successfully.
2024-06-21 15:14:52,Map for 400-a created successfully.
2024-06-14 15:10:32,Map for com-ab created successfully.
2024-06-14 15:10:32,Map for com-b created successfully.
2024-06-14 15:10:32,Map for com-o created successfully.
2024-06-14 15:10:31,Map for com-a created successfully.
2024-06-14 15:10:31,Map for 200-ab created successfully.
2024-06-14 15:10:31,Map for 200-b created successfully.
2024-06-14 15:10:31,Map for 200-o created successfully.
2024-06-14 15:10:31,Map for 200-a created successfully.
2024-06-14 15:10:31,Map for 400-ab created successfully.
2024-06-14 15:10:31,Map for 400-b created successfully.
2024-06-14 15:10:31,Map for 400-o created successfully.
2024-06-14 15:10:31,Map for 400-a created successfully.
2024-06-07 15:10:34,Map for com-ab created successfully.
2024-06-07 15:10:34,Map for com-b created successfully.
2024-06-07 15:10:34,Map for com-o created successfully.
2024-06-07 15:10:34,Map for com-a created successfully.
2024-06-07 15:10:34,Map for 200-ab created successfully.
2024-06-07 15:10:33,Map for 200-b created successfully.
2024-06-07 15:10:33,Map for 200-o created successfully.
2024-06-07 15:10:33,Map for 200-a created successfully.
2024-06-07 15:10:33,Map for 400-ab created successfully.
2024-06-07 15:10:33,Map for 400-b created successfully.
2024-06-07 15:10:33,Map for 400-o created successfully.
2024-06-07 15:10:33,Map for 400-a created successfully.
2024-05-31 15:09:53,Map for com-ab created successfully.
2024-05-31 15:09:53,Map for com-b created successfully.
2024-05-31 15:09:53,Map for com-o created successfully.
2024-05-31 15:09:53,Map for com-a created successfully.
2024-05-31 15:09:53,Map for 200-ab created successfully.
2024-05-31 15:09:53,Map for 200-b created successfully.
2024-05-31 15:09:53,Map for 200-o created successfully.
2024-05-31 15:09:53,Map for 200-a created successfully.
2024-05-31 15:09:53,Map for 400-ab created successfully.
2024-05-31 15:09:53,Map for 400-b created successfully.
2024-05-31 15:09:52,Map for 400-o created successfully.
2024-05-31 15:09:52,Map for 400-a created successfully.
2024-05-28 16:41:56,Map for com-ab created successfully.
2024-05-28 16:41:56,Map for com-b created successfully.
2024-05-28 16:41:56,Map for com-o created successfully.
2024-05-28 16:41:56,Map for com-a created successfully.
2024-05-28 16:41:56,Map for 200-ab created successfully.
2024-05-28 16:41:56,Map for 200-b created successfully.
2024-05-28 16:41:56,Map for 200-o created successfully.
2024-05-28 16:41:55,Map for 200-a created successfully.
2024-05-28 16:41:55,Map for 400-ab created successfully.
2024-05-28 16:41:55,Map for 400-b created successfully.
2024-05-28 16:41:55,Map for 400-o created successfully.
2024-05-28 16:41:55,Map for 400-a created successfully.
2024-05-14 22:20:41,Map for com-ab created successfully.
2024-05-14 22:20:41,Map for com-b created successfully.
2024-05-14 22:20:41,Map for com-o created successfully.
2024-05-14 22:20:41,Map for com-a created successfully.
2024-05-14 22:20:41,Map for 200-ab created successfully.
2024-05-14 22:20:41,Map for 200-b created successfully.
2024-05-14 22:20:41,Map for 200-o created successfully.
2024-05-14 22:20:41,Map for 200-a created successfully.
2024-05-14 22:20:40,Map for 400-ab created successfully.
2024-05-14 22:20:40,Map for 400-b created successfully.
2024-05-14 22:20:40,Map for 400-o created successfully.
2024-05-14 22:20:40,Map for 400-a created successfully.
2024-05-14 22:14:52,Map for com-ab created successfully.

